x1,x2,Label
25.5428,8.12002,A
28.7852,10.5188,A
31.1303,9.20584,B
31.1073,9.47408,B
31.204,9.33927,B
29.6962,10.9588,A
29.773,5.05911,C
26.2146,9.07125,A
29.0018,10.8575,A
27.1746,9.42562,A
26.4722,9.9342,A
29.9368,9.85654,B
29.806,8.6345,B
30.325,3.88931,C
26.4777,9.46582,A
27.776,10.5771,A
29.0947,11.0117,A
30.7325,3.38517,C
31.1116,9.53236,B
25.0665,4.45281,D
28.5903,8.95482,B
30.6923,3.4301,C
25.6263,8.22408,A
30.1262,5.22529,C
34.6784,9.95142,B
32.7522,9.76729,B
28.8179,10.602,A
27.525,9.14937,A
28.3724,10.2899,A
28.2349,10.2523,A
26.7679,5.37441,D
31.8962,4.03894,C
28.2498,10.1285,A
26.1433,7.83697,A
29.5243,5.17312,C
28.1863,6.79631,B
31.1257,12.2995,A
25.4427,9.26797,A
26.9096,9.21243,A
34.0615,11.8044,B
31.9624,8.96832,B
31.1537,10.3537,B
25.0075,2.70596,D
27.615,4.81616,D
28.2641,10.2821,A
29.74,5.38154,C
25.5175,4.99294,D
29.6263,8.33184,B
29.1585,10.1047,A
27.5455,9.82369,A
34.1773,10.3114,B
25.4049,8.33969,A
29.6455,5.08436,C
28.5614,6.57984,C
32.982,9.42912,B
27.9702,10.2622,A
29.8541,5.41089,C
26.2391,8.90903,A
26.5105,4.21752,D
28.7871,10.7318,A
29.506,9.19146,B
25.2417,8.53962,A
30.9221,4.52757,C
26.0467,8.82061,A
29.1981,10.5581,A
25.7682,6.11979,D
31.6133,9.87143,B
25.0214,7.78046,A
33.4367,11.0246,B
26.8949,5.03345,D
28.7678,10.1302,A
29.5616,10.2658,A
28.9472,10.9217,A
27.4316,3.55485,D
29.6511,9.23666,B
26.4356,9.564,A
27.274,9.66665,A
25.5738,8.45166,A
26.8005,10.0414,A
26.6062,9.49641,A
28.7216,10.5322,A
31.1233,11.8218,A
28.1796,9.61754,A
26.0444,4.36977,D
25.5866,5.22801,D
29.4935,7.63511,B
35.7005,11.9027,B
31.8206,12.8487,A
27.7558,10.0283,A
27.7528,9.63833,A
25.3207,3.64657,D
25.5906,8.91094,A
28.8775,11.2479,A
31.7754,3.8456,C
26.7312,9.72401,A
29.9317,4.73996,C
30.1073,4.68229,C
34.7731,12.335,B
25.1833,7.16851,D
27.1638,4.20908,D
26.3012,6.33576,D
31.2014,11.9399,A
30.6966,5.0875,C
26.0959,8.77831,A
29.3119,11.3032,A
33.1832,11.0559,B
31.0016,10.3069,B
29.9372,8.81535,B
28.5924,5.37307,C
28.7568,7.91652,B
30.6779,4.1461,C
26.9475,9.88352,A
31.2791,12.172,A
34.1343,11.8219,B
30.8161,11.7662,A
26.2868,3.71056,D
28.672,10.6944,A
30.0771,9.15657,B
28.8774,10.7875,A
30.0756,11.5339,A
29.4092,4.96077,C
32.1003,10.9457,B
26.8248,5.39545,D
26.0085,8.85964,A
25.146,3.96926,D
33.4234,10.9486,B
29.5285,6.15304,C
31.2196,8.99427,B
28.6919,10.221,A
26.6688,9.61504,A
30.6184,11.1832,A
28.7968,10.6961,A
28.1983,10.3357,A
32.5287,10.0518,B
29.6032,9.27445,B
29.8618,10.8161,A
30.5998,11.274,A
31.2404,4.32458,C
35.573,10.5483,B
25.5037,3.71128,D
33.1397,9.52349,B
25.8985,5.6307,D
26.7611,8.87168,A
27.2196,9.20468,A
28.4715,10.1732,A
28.7343,9.86304,A
33.0947,11.1861,B
30.0715,11.132,A
31.9715,10.5882,B
26.6003,9.62264,A
26.9068,9.04026,A
32.5204,9.98887,B
26.0456,8.45025,A
30.8411,4.90165,C
26.0323,3.89069,D
29.4043,9.72022,B
27.7995,10.0368,A
25.2126,7.78735,A
27.1743,9.84776,A
28.2756,10.1855,A
29.4964,11.6513,A
27.1916,9.50247,A
30.5895,4.43853,C
30.4828,9.19453,B
29.3376,4.94462,C
28.089,10.7052,A
26.3673,8.78276,A
27.3383,9.22911,A
27.45,9.80572,A
30.0364,12.0177,A
27.2442,5.80527,D
30.2818,4.6933,C
31.5803,10.4181,B
28.8075,10.0637,A
26.5842,6.38422,D
26.138,8.70177,A
27.7789,10.0993,A
26.7523,5.8564,D
33.2409,9.73001,B
29.0243,5.51446,C
27.0067,9.04399,A
29.5409,11.8413,A
28.9574,10.9877,A
25.2349,8.37061,A
28.1796,9.96943,A
28.3767,9.99813,A
30.6311,9.54693,B
30.2903,8.62883,B
28.694,10.989,A
28.5219,10.2506,A
29.1936,10.6128,A
30.6488,11.4345,A
25.3787,7.92789,A
28.6278,10.4029,A
28.4208,9.78091,A
35.5531,12.0332,B
28.6309,10.0151,A
29.0684,10.5629,A
28.7161,10.1149,A
29.7978,9.75142,B
24.1774,5.62853,D
27.6007,9.95947,A
25.9331,8.55745,A
30.7291,8.15937,B
27.5879,9.60174,A
26.2042,4.40959,D
25.4394,4.89519,D
31.2128,9.92524,B
31.2172,3.49132,C
32.0777,11.7191,B
31.8937,12.2694,A
29.2588,10.6059,A
32.4475,11.0325,B
30.6068,9.07021,B
26.8909,9.31105,A
25.533,8.91352,A
25.7698,8.52766,A
28.4475,10.6668,A
31.3739,9.81113,B
30.7133,4.18402,C
27.204,9.35761,A
24.7133,5.63949,D
28.6081,10.5661,A
29.4996,5.19131,C
30.0546,11.4334,A
29.2342,10.8804,A
27.2332,5.49225,D
28.6302,10.3704,A
32.8648,10.9411,B
29.0632,5.91606,C
27.0634,9.5633,A
27.6641,10.091,A
30.0929,5.01449,C
31.1746,9.51323,B
26.9006,8.68978,A
25.989,4.57229,D
31.3445,8.82695,B
30.6648,3.55603,C
30.6549,12.3144,A
25.5619,8.5552,A
33.4813,9.25783,B
34.4939,10.127,B
25.1914,4.6883,D
29.9319,5.74714,C
27.3544,9.70659,A
30.7098,4.08554,C
30.3542,4.76721,C
26.1095,8.3636,A
28.2112,10.3413,A
26.945,9.40534,A
25.3376,7.95445,A
31.1839,11.7436,A
24.4991,7.48004,A
28.5204,10.2151,A
31.274,9.94362,B
30.6012,8.821,B
29.3329,11.4123,A
26.6778,9.471,A
31.9396,7.96648,B
24.8971,5.91534,D
34.307,11.5457,B
26.4394,9.09514,A
28.1529,7.07651,C
28.3027,7.92717,B
27.5127,9.69016,A
33.057,10.901,B
32.5366,9.07641,B
32.3875,10.8458,B
28.6456,10.4234,A
25.9865,4.42683,D
29.0933,5.66316,C
28.988,10.1768,A
30.0532,5.98604,C
34.4895,11.857,B
33.5237,11.3126,B
27.3307,5.73798,D
31.7585,10.425,B
31.3364,5.12314,C
24.6633,7.69742,A
26.5471,9.41494,A
32.2874,8.95393,B
30.832,9.7985,B
25.4663,5.85469,D
31.0716,8.38117,B
28.8912,10.9582,A
24.3234,7.93022,A
24.9091,8.39023,A
27.4838,10.5743,A
26.8063,9.29234,A
30.6964,9.66113,B
25.8731,3.78111,D
29.5304,10.2993,A
31.08,4.62827,C
31.1199,8.79269,B
29.9241,11.2703,A
28.9564,5.46785,C
25.5444,5.38777,D
32.4267,10.9236,B
31.9789,9.47839,B
30.275,8.10045,B
29.6596,11.0659,A
26.8916,8.91876,A
30.8652,11.8525,A
27.9889,10.2161,A
25.1273,4.60328,D
27.574,9.76511,A
29.4803,5.1361,C
32.4208,9.14093,B
29.771,11.248,A
33.168,10.3282,B
25.7757,5.67551,D
27.5439,9.64078,A
27.7258,9.91876,A
29.6195,11.0997,A
25.1239,7.88277,A
28.5787,9.83752,A
31.0634,9.91286,B
32.2112,10.5448,B
30.7312,10.5645,B
26.3669,8.90012,A
30.0298,11.1599,A
28.1003,10.4797,A
28.1158,10.1103,A
25.5578,5.9509,D
29.5619,9.10694,B
33.3502,10.4386,B
34.3628,11.8649,B
26.1129,5.48634,D
29.0288,10.2849,A
25.5783,6.15659,D
29.0959,5.51415,C
27.6142,9.37953,A
26.4814,8.9723,A
30.3673,8.86189,B
29.4832,10.4872,A
30.255,5.32507,C
25.678,8.14046,A
31.8035,10.323,B
29.2691,10.6439,A
27.45,10.1568,A
29.1948,5.41337,C
28.2641,9.69477,A
25.9391,6.0326,D
31.4808,8.53956,B
29.8345,11.5798,A
25.6446,8.01142,A
30.2363,12.1887,A
26.5177,9.01228,A
26.3313,8.65859,A
26.0476,6.53335,D
27.3024,5.24848,D
31.0848,8.72711,B
30.0859,9.37641,B
31.232,4.62009,C
30.4324,9.48239,B
29.7723,5.06269,C
30.0928,11.5362,A
30.7166,11.573,A
23.5522,6.62511,A
30.2271,10.8727,B
27.1728,9.87002,A
30.2817,4.56838,C
26.5244,9.12318,A
33.8057,11.2549,B
29.7986,10.9214,A
24.647,7.55762,A
26.3792,9.13662,A
32.1768,10.3068,B
27.3958,9.44009,A
28.8904,4.3488,C
29.6446,7.85519,B
25.8422,9.34545,A
28.4443,10.9593,A
26.8453,9.57726,A
26.6964,9.29158,A
33.0769,9.46585,B
29.3484,11.1318,A
30.9006,8.17263,B
31.7826,9.01155,B
32.5634,11.4885,B
35.8937,11.3441,B
32.1236,10.8045,B
31.7005,12.4459,A
28.4328,10.5307,A
30.3207,3.87847,C
31.3225,11.8317,B
26.0445,4.9049,D
27.4675,6.43269,C
26.2271,9.65315,A
29.7868,8.46429,B
31.5088,10.5816,B
30.9512,9.40603,B
26.361,9.40969,A
26.6968,9.30671,A
25.5977,8.53202,A
27.3298,9.74653,A
29.4906,5.66764,C
27.5261,9.88445,A
32.0174,9.92631,B
29.1061,10.3606,A
27.2407,9.97943,A
28.9551,10.2833,A
27.3079,9.78066,A
27.7553,9.96359,A
32.1844,9.08588,B
28.0822,10.1645,A
24.8754,5.09959,D
29.1832,10.989,A
27.0973,9.41671,A
28.4861,10.2213,A
27.666,9.55242,A
29.5208,6.19987,C
29.117,5.56506,C
33.4074,11.4512,B
27.8102,10.1445,A
28.0605,9.5701,A
30.9511,11.2116,A
29.2196,9.26322,B
30.7071,4.79679,C
29.5016,5.64805,C
28.8287,10.9418,A
29.8126,9.68353,B
30.5329,11.1861,A
34.0756,11.4177,B
29.393,10.5471,A
29.9228,11.5761,A
27.4999,9.47943,A
31.828,7.85022,B
33.2897,9.75472,B
31.0114,8.83303,B
24.1983,4.9927,D
29.5379,5.52267,C
29.7102,11.1315,A
27.1362,4.96391,D
26.4646,5.32833,D
31.9667,10.3953,B
30.2283,4.42133,C
30.4872,8.99654,B
34.335,12.5767,B
27.4897,9.84721,A
28.3351,10.0048,A
32.5944,9.91426,B
24.285,4.61983,D
31.5973,2.91491,C
28.8571,9.40982,B
28.2132,10.8821,A
27.333,3.84286,D
27.796,9.28515,A
33.1981,10.1104,B
26.9836,9.46763,A
32.988,9.47808,B
32.1221,9.39593,B
29.3846,8.30957,B
28.6783,11.5078,A
28.088,10.6892,A
24.2043,7.28915,A
29.0561,11.2815,A
31.3787,4.22724,C
27.3578,9.46788,A
25.7394,5.38994,D
28.5718,10.7152,A
27.877,9.84634,A
28.376,10.2529,A
29.1848,11.3156,A
25.6305,8.63981,A
32.7482,9.26572,B
27.7623,7.17872,B
32.8912,11.2566,B
30.6085,11.3173,A
30.5904,4.83447,C
29.1877,10.5451,A
26.6236,4.83924,D
26.4623,5.58022,D
25.4997,8.56336,A
29.0433,5.02133,C
30.0738,5.48831,C
26.6068,8.98045,A
24.7871,7.85992,A
32.382,9.64182,B
27.8711,9.70127,A
32.183,12.6233,A
28.4026,10.2971,A
32.8074,10.972,B
27.1817,8.43653,A
29.9841,5.44934,C
27.7627,9.33235,A
29.5674,11.4023,A
29.1746,7.62184,B
25.2264,5.97968,D
26.6794,4.66428,D
25.4935,7.84575,A
27.2146,9.91517,A
33.4103,11.2263,B
30.4722,11.2562,B
27.9856,6.6066,C
27.9899,9.48166,A
27.48,9.42261,A
27.0385,9.64801,A
27.9715,10.2599,A
26.3845,8.94368,A
29.116,5.26855,C
26.8885,9.79907,A
25.2317,4.03018,D
26.3871,8.79885,A
30.2447,4.89584,C
27.1896,3.79957,D
25.806,8.44008,A
27.4738,9.54956,A
26.6084,9.432,A
31.1728,10.4761,B
33.6031,9.90686,B
25.8654,8.51216,A
34.1138,10.0419,B
29.2126,7.76602,B
32.376,10.2029,B
34.9672,10.4488,B
29.9834,9.05526,B
25.3846,8.11148,A
30.1433,7.0214,B
29.0823,9.06664,B
31.8029,10.2407,B
30.6003,10.4651,B
31.5743,10.3042,B
30.2087,11.8158,A
31.1663,10.4846,B
31.4838,11.7146,B
27.1537,9.80536,A
31.6079,9.95246,B
25.8401,4.93179,D
27.0217,9.73567,A
29.0261,10.5883,A
28.8063,10.4762,A
29.0893,4.82548,C
28.4601,10.1709,A
35.0213,11.2671,B
30.5457,5.21254,C
29.1169,10.2835,A
25.482,4.44345,D
31.4985,10.0626,B
29.8706,10.9907,A
29.6108,4.83018,C
31.0642,11.3329,A
28.4411,10.1741,A
27.4098,5.05964,D
27.3665,9.68463,A
27.4808,9.10499,A
28.5334,10.9809,A
25.9557,4.98471,D
28.4095,10.321,A
31.0006,4.22197,C
34.9709,11.7735,B
30.0912,9.19341,B
29.5413,11.3886,A
35.8185,12.3441,B
27.2284,9.28803,A
25.2234,5.82582,D
29.1803,8.42244,B
28.4223,6.81552,C
26.3828,4.18253,D
30.8586,4.56431,C
26.5482,8.90087,A
28.4184,9.59305,A
32.7161,9.59303,B
26.6531,9.15232,A
27.5125,9.85139,A
25.444,8.8295,A
29.0805,5.87045,C
31.33,3.13076,C
29.5145,9.59949,B
31.7995,10.263,B
33.543,11.0944,B
32.557,10.2412,B
26.2114,8.12415,A
27.4985,9.81668,A
29.9998,10.781,A
25.506,8.57063,A
32.7787,9.93365,B
29.8193,5.73577,C
28.1513,9.72267,A
26.4132,5.86424,D
29.2849,10.3593,A
34.3016,11.3431,B
29.093,11.2876,A
25.1443,3.89081,D
27.7445,10.2171,A
31.9795,9.59934,B
26.6012,8.86285,A
29.5334,5.00889,C
29.4234,11.041,A
28.8621,5.91405,C
28.612,7.85475,B
32.9551,9.73852,B
34.0576,9.14804,B
26.4243,9.11189,A
28.7573,10.962,A
24.5912,3.55457,D
26.1136,2.56307,D
27.9864,9.69014,A
29.7772,4.9416,C
25.593,8.3205,A
31.877,9.78022,B
27.3739,9.64768,A
28.7731,10.8622,A
28.5729,10.5468,A
30.6062,10.1867,B
29.1643,6.74487,C
32.3362,11.7553,B
27.4926,9.743,A
33.3928,11.1479,B
25.466,5.13919,D
29.9849,4.62755,C
34.0148,10.2764,B
29.5534,10.8953,A
30.307,11.6911,A
25.6829,4.70297,D
25.8961,8.68958,A
27.1094,5.47241,D
29.2417,9.36635,B
29.8701,4.45424,C
28.8598,10.3046,A
25.6379,7.35621,D
25.1443,5.41462,D
35.2794,11.8577,B
31.1851,4.66562,C
28.8648,10.8012,A
34.1224,12.133,B
26.8816,8.93299,A
32.7678,9.57881,B
31.2664,8.65057,B
25.6727,8.91193,A
29.7844,5.16624,C
30.0361,4.22695,C
25.797,4.81745,D
27.8931,4.69914,D
29.1774,10.7341,A
26.3168,5.07537,D
31.323,4.16994,C
27.3487,9.27821,A
33.2904,10.7474,B
26.7291,8.61109,A
25.5714,6.2172,D
26.0972,5.68972,D
25.8946,5.36584,D
28.0417,10.121,A
27.9282,9.25336,A
27.1663,9.8712,A
26.326,9.38017,A
28.5073,10.8254,A
27.2557,9.20739,A
26.6309,8.95241,A
28.9865,10.5776,A
29.6046,4.76784,C
31.3269,9.22352,B
28.0861,10.4664,A
31.3463,12.5119,A
26.9132,10.1451,A
27.1303,9.26473,A
28.4573,10.2636,A
28.7787,10.2989,A
25.5351,4.58307,D
35.5418,11.4074,B
31.7636,10.3244,B
26.252,4.69258,D
25.6874,8.53382,A
27.2586,9.40868,A
26.144,8.80466,A
32.8598,9.87179,B
31.3383,8.93841,B
28.0048,10.1354,A
30.6476,11.9944,A
30.4171,3.78272,C
30.5467,11.8012,A
29.7,5.07432,C
28.104,10.3864,A
30.4893,9.1653,B
29.9504,5.02939,C
29.213,10.3734,A
27.4921,10.2812,A
25.5251,4.95008,D
28.5966,11.0605,A
28.9091,9.34768,B
30.8729,9.33682,B
28.382,9.99605,A
26.0389,8.7493,A
27.6705,4.8134,D
28.4491,6.25331,C
29.087,7.18512,C
28.3584,10.6137,A
27.2193,9.26859,A
32.097,12.4646,A
31.2111,10.6823,B
25.5544,5.96352,D
29.908,11.5787,A
30.6721,12.0325,A
29.4436,11.2672,A
30.7477,9.77829,B
27.0016,9.71935,A
27.5667,9.05836,A
30.257,5.20645,C
30.0104,4.93156,C
24.7159,5.18068,D
34.2363,12.6867,B
34.5463,10.1791,B
27.1345,6.23076,D
32.4301,10.0179,B
32.9526,9.33636,B
34.684,11.1854,B
32.43,10.7656,B
30.3016,11.5951,A
32.0533,9.78024,B
29.1002,8.35343,B
28.7646,10.5867,A
30.5319,11.1798,A
26.3128,4.61618,D
31.2296,2.67364,C
29.3294,10.7977,A
25.1776,5.20104,D
25.9372,8.57921,A
31.3911,4.42734,C
30.7443,9.46706,B
26.1613,8.95189,A
27.1355,9.27581,A
33.5338,9.81982,B
24.9106,7.08304,A
32.5853,9.92721,B
30.3813,5.90061,C
30.684,11.6841,A
27.9396,9.0342,A
33.0004,10.529,B
31.6202,9.65277,B
30.301,10.9596,A
31.031,9.03104,B
29.8557,5.51159,C
27.9171,9.94023,A
32.282,3.56366,C
25.9081,2.73721,D
34.3277,11.8416,B
26.2631,8.32578,A
25.1133,4.44422,D
30.1773,11.0655,A
28.7427,6.07266,C
28.1605,9.35056,A
33.0753,9.6835,B
29.3901,10.4096,A
25.0391,8.26816,A
26.2546,5.03213,D
31.2258,9.70739,B
31.9509,9.79133,B
26.2254,8.53855,A
32.5787,9.11886,B
31.5986,9.93405,B
31.4068,9.44675,B
33.271,10.2969,B
25.2771,8.84392,A
30.5224,9.10555,B
27.1476,9.6159,A
30.0959,9.10065,B
29.2823,10.4537,A
26.3979,5.56185,D
27.4206,9.14363,A
26.3619,9.42136,A
25.4043,8.77204,A
25.2798,4.65594,D
25.4123,3.57197,D
29.4049,8.78454,B
25.7675,5.25871,D
26.4638,9.2529,A
31.46,11.951,A
30.1087,5.37573,C
30.5905,3.8001,C
27.4325,9.53585,A
32.3176,11.0475,B
27.9624,9.50709,A
25.9799,3.89073,D
27.2445,9.12839,A
31.2445,8.80647,B
25.5542,5.37169,D
27.166,9.62094,A
27.8969,9.29328,A
29.0004,10.668,A
27.533,9.46755,A
30.5241,8.80282,B
26.8435,8.40388,A
27.498,9.57291,A
29.2898,10.8006,A
30.7589,9.87331,B
28.9204,10.689,A
33.72,10.5755,B
29.6031,10.6354,A
28.9531,11.1615,A
30.6375,11.7207,A
29.1657,11.1556,A
28.557,10.3473,A
34.7166,10.9154,B
28.4777,10.0556,A
29.6346,10.7851,A
26.5946,3.6403,D
28.9476,5.90707,C
29.8941,10.9321,A
28.9107,10.4906,A
31.6976,10.6618,B
29.5158,10.1917,A
25.2102,4.78927,D
29.5226,11.1879,A
30.698,4.27529,C
36.183,11.8446,B
29.9747,9.40244,B
28.0618,6.15199,C
31.3552,9.6836,B
31.7553,10.2828,B
31.5649,10.0298,B
25.255,5.92871,D
33.0561,11.8049,B
31.4748,12.3579,A
25.466,5.19882,D
32.4095,10.3194,B
32.7731,11.1571,B
25.557,7.75218,A
28.9043,7.4942,B
27.1954,6.77737,D
27.3071,9.87344,A
30.3391,8.32021,B
25.0331,8.19933,A
25.0495,4.46841,D
25.2683,5.21572,D
30.4761,8.04572,B
28.0058,9.72743,A
26.6526,8.98843,A
32.2804,10.6513,B
30.127,3.26365,C
27.1833,5.34035,D
33.2256,9.18042,B
26.3991,8.50211,A
33.0337,10.5662,B
30.4501,11.7002,A
25.4353,3.99049,D
28.8565,10.4418,A
26.4879,8.43654,A
25.5588,4.89636,D
28.6008,10.742,A
32.6979,9.12762,B
29.6946,5.09748,C
33.0261,10.3332,B
29.5276,11.3277,A
29.3376,8.01298,B
27.4271,9.59129,A
31.0213,11.8646,A
29.9062,5.91438,C
29.168,10.6461,A
30.0458,11.3221,A
28.7522,10.2108,A
34.5905,10.4565,B
27.1187,5.45152,D
29.403,5.611,C
30.796,4.75725,C
29.5617,11.0201,A
25.9747,8.86652,A
29.6874,8.94585,B
31.5531,12.4438,A
28.5439,10.3075,A
32.6919,9.84472,B
25.0172,5.31689,D
24.9559,5.18049,D
27.3261,9.50001,A
26.0859,8.90158,A
27.1073,9.37902,A
31.0465,8.3667,B
30.2471,11.1179,A
25.9677,2.80644,D
27.9567,9.82913,A
28.3053,10.7793,A
30.91,4.60394,C
29.7266,10.6632,A
30.5626,8.43086,B
29.9877,4.72289,C
31.0973,9.56476,B
26.6323,8.36821,A
33.1774,10.5099,B
28.5855,10.962,A
26.2281,5.78872,D
28.9373,5.49357,C
29.7202,11.3075,A
28.5366,9.80009,A
28.1236,10.4243,A
26.062,8.20211,A
27.0465,8.84128,A
31.7558,10.2848,B
25.9096,8.49358,A
31.498,9.53581,B
29.4943,5.95922,C
25.8071,4.99064,D
33.153,10.2688,B
28.1844,9.65539,A
29.2772,11.2447,A
29.4634,10.9628,A
32.6783,12.6401,B
26.8729,9.21633,A
28.2974,9.82141,A
30.4588,4.05612,C
30.7563,8.53179,B
29.5338,10.5659,A
35.1984,11.8868,B
26.4903,8.78125,A
27.9222,9.99141,A
27.5664,10.1944,A
30.3498,4.46271,C
28.7789,10.7101,A
28.6674,11.1304,A
29.343,4.56766,C
27.8898,10.5452,A
26.4232,9.28375,A
23.8374,6.93013,A
29.1599,10.7018,A
28.0991,9.26406,A
26.8432,9.19209,A
25.1885,6.32928,D
30.6784,11.1111,A
29.9874,4.63456,C
26.5133,8.54323,A
28.3429,9.92277,A
31.0329,12.1667,A
25.7684,3.43079,D
25.5928,8.72276,A
26.3724,8.92604,A
29.1317,6.24862,C
29.0532,10.7254,A
28.8036,10.3445,A
27.5877,10.2672,A
24.6293,7.83005,A
32.1555,10.1948,B
31.0256,11.648,B
32.5374,8.78763,B
26.5986,9.08745,A
27.3225,10.5602,A
29.0665,10.178,A
28.5885,10.4297,A
30.0389,9.09012,B
29.5928,9.44106,B
32.7661,11.3849,B
26.9837,9.1916,A
25.9118,9.0436,A
29.8662,6.25179,C
28.8724,10.591,A
26.8166,5.81786,D
32.896,11.1962,B
28.1674,10.6825,A
29.3732,5.43112,C
28.3661,10.3643,A
31.166,9.94356,B
25.932,8.93027,A
29.5569,5.17235,C
27.8214,9.69609,A
24.9043,7.53119,A
29.1432,10.6926,A
30.6716,11.3748,A
30.8069,4.20567,C
25.1002,8.01138,A
29.8212,5.09731,C
30.7611,8.69376,B
28.9648,10.7149,A
28.8787,10.4818,A
26.2537,8.64612,A
28.6242,10.3545,A
26.1695,8.81029,A
31.6271,9.50043,B
27.828,8.93323,A
25.9411,6.45782,D
31.8969,8.5659,B
28.3024,9.95122,A
32.2144,10.272,B
31.9171,9.94664,B
31.8861,10.8897,B
25.894,8.43349,A
30.6532,5.406,C
27.9795,9.80607,A
25.7432,8.22343,A
28.65,10.6684,A
26.3094,2.73804,D
29.0391,8.96467,B
25.8709,5.59055,D
24.189,4.41358,D
27.8992,5.37801,D
28.647,10.3829,A
30.3559,8.35888,B
27.5088,10.061,A
31.5261,10.1839,B
25.8548,8.48117,A
30.9837,9.1819,B
29.5485,4.7486,C
32.7684,10.7132,B
28.4617,10.0937,A
28.0411,5.58027,D
25.5827,4.45685,D
26.5711,4.70664,D
25.7978,8.95301,A
24.3027,7.47676,A
27.301,9.83638,A
27.5986,9.79963,A
27.9667,10.1687,A
31.1021,12.0265,A
26.919,9.45432,A
26.1698,5.98101,D
25.4075,4.12749,D
34.7667,12.286,B
30.632,8.29993,B
31.4904,3.03148,C
31.9376,11.112,B
31.8056,3.4322,C
27.0599,5.91479,D
29.7492,5.65378,C
27.2258,9.53703,A
30.3412,8.7041,B
28.0815,9.59435,A
32.5991,9.50377,B
24.3685,8.05357,A
26.5347,5.05895,D
33.7353,13.3694,A
26.8183,9.0721,A
28.1734,9.99561,A
28.43,10.536,A
27.7826,9.45097,A
29.3502,10.7743,A
26.7217,4.77819,D
27.6557,9.42785,A
28.6774,5.70255,C
25.3164,8.02266,A
31.4561,4.00179,C
24.5889,5.82489,D
30.7731,12.2533,A
31.1627,9.31748,B
29.543,11.159,A
28.982,10.1516,A
25.6032,8.65012,A
25.9389,4.53095,D
32.4715,10.1132,B
30.9709,12.0774,A
30.1138,10.914,A
27.1545,9.21852,A
28.3362,10.9539,A
27.8655,10.0361,A
30.1613,9.41624,B
28.963,11.7994,A
30.0904,4.33307,C
27.1199,9.06928,A
33.5264,9.39254,B
26.3992,9.14612,A
25.6511,8.65291,A
33.2772,11.5229,B
29.5295,5.59596,C
27.9775,10.0828,A
29.1239,10.379,A
30.8453,10.1427,B
25.5477,5.8268,D
31.2393,9.40886,B
28.0777,10.8277,A
24.9011,7.93739,A
27.2128,9.63225,A
29.0106,11.1088,A
29.0382,10.6266,A
30.0148,10.9805,A
26.3093,3.73514,D
23.8053,7.14082,A
30.4366,11.6714,A
28.1221,9.77239,A
32.1513,9.26173,B
31.7614,9.27409,B
27.8858,9.72836,A
32.2173,10.4127,B
33.1863,10.8895,B
23.5429,6.92454,A
28.702,10.5379,A
26.7037,9.18489,A
27.9727,9.75831,A
27.0361,8.87934,A
26.6192,3.48537,D
26.6311,9.21115,A
31.3487,9.03506,B
28.6838,10.4522,A
30.8365,11.4506,A
27.7865,10.4119,A
27.7636,10.05,A
26.5092,3.7788,D
28.0833,10.0134,A
31.1476,9.94952,B
27.843,10.4278,A
30.5138,4.19508,C
32.694,11.5037,B
29.2209,5.82901,C
30.8916,8.67608,B
28.7985,10.5291,A
28.0702,8.9183,B
27.1019,5.9029,D
30.0082,11.8855,A
31.1253,11.9303,A
25.4994,5.39144,D
23.8434,7.74266,A
26.6016,9.779,A
26.4243,8.92888,A
29.1547,10.7084,A
32.9938,12.0439,B
26.0912,8.81921,A
25.5876,4.48902,D
28.7895,5.66081,C
27.1116,9.40776,A
25.1981,8.48415,A
26.373,3.68278,D
32.9132,11.3182,B
30.2217,8.66947,B
30.5463,11.1605,A
30.3991,8.2258,B
24.7916,7.77679,A
32.4443,11.6681,B
28.2125,9.10683,A
29.8057,11.3445,A
28.6293,8.39226,B
27.3445,9.18018,A
29.8961,9.09167,B
30.0496,4.53752,C
28.4763,10.3198,A
29.0776,10.9286,A
27.9222,8.4031,B
26.4884,8.8956,A
28.3106,10.4808,A
31.776,11.4532,B
28.5619,10.619,A
32.3138,13.1961,A
28.5759,10.5465,A
28.1735,10.2761,A
32.3189,10.1547,B
31.8906,8.58109,B
29.0169,10.637,A
29.5237,11.2518,A
31.8185,12.7,A
30.6177,4.561,C
30.3619,10.248,B
27.9976,9.53413,A
30.3858,4.70464,C
29.8826,5.39948,C
29.4882,11.1155,A
29.1351,6.3491,C
27.3128,9.98613,A
25.7868,8.35324,A
30.2247,4.83808,C
29.784,11.3642,A
33.1599,10.4561,B
32.1234,3.55489,C
27.1408,5.88415,D
25.1019,5.74171,D
29.4074,11.2666,A
30.2391,9.25236,B
32.2756,10.1489,B
28.4267,10.6076,A
28.6953,10.4632,A
29.4029,5.57104,C
28.4792,10.5705,A
29.2409,10.4004,A
25.7972,7.93605,A
35.3014,11.4806,B
32.9865,10.3462,B
26.6063,4.53554,D
29.4367,11.0818,A
32.9879,10.8872,B
30.4524,9.62039,B
27.4647,9.93677,A
30.2169,12.0476,A
27.7834,9.8675,A
25.2698,8.24478,A
28.9691,5.03188,C
32.5927,10.3504,B
29.2405,4.69968,C
30.5471,10.0646,B
26.8004,9.00646,A
28.1819,10.4084,A
25.9744,8.50403,A
28.7361,10.9776,A
31.2603,11.6911,A
27.0504,9.8445,A
33.609,11.1538,B
30.8031,5.06428,C
31.2193,9.13275,B
31.9572,2.76703,C
27.2731,9.81824,A
25.8232,9.06595,A
24.4131,7.39322,A
29.153,10.6123,A
30.8585,10.4538,B
29.5018,6.04495,C
29.8093,10.9382,A
31.4926,9.90862,B
27.9753,6.22639,C
29.3928,11.1203,A
29.5951,6.9045,C
30.4819,10.4938,B
32.5619,10.8244,B
32.5041,9.64074,B
31.3014,12.0819,A
24.9822,5.00556,D
26.8641,9.63174,A
31.0235,12.3598,A
32.8774,10.9002,B
28.3904,9.92681,A
29.4046,5.36294,C
27.4541,10.3177,A
29.2239,10.8381,A
29.2203,10.563,A
25.7317,4.75301,D
30.3801,11.7197,A
28.4301,10.1903,A
28.8198,10.6872,A
34.6729,10.1698,B
26.7907,9.02079,A
32.0861,10.93,B
26.7443,9.22212,A
29.8588,5.43351,C
29.5616,4.61603,C
33.5276,11.4731,B
27.3009,9.19286,A
29.6743,11.0905,A
30.2254,10.9234,A
28.091,10.5257,A
29.5977,9.02405,B
26.5281,5.45733,D
30.9672,11.4633,A
33.0387,9.78062,B
26.3559,8.54536,A
27.3537,9.68125,A
27.031,9.14185,A
29.107,10.5344,A
30.4323,11.9761,A
28.5146,6.76086,C
32.6838,10.3522,B
27.9623,7.0518,C
28.6191,10.63,A
29.32,8.50681,B
30.6526,9.04553,B
32.0016,10.0342,B
27.8906,9.29766,A
29.0586,10.1948,A
28.2173,10.2828,A
25.5511,8.3523,A
28.0016,10.0165,A
26.2977,4.97439,D
31.5664,10.8175,B
30.3628,11.8623,A
27.6363,9.30253,A
26.3198,9.23329,A
27.3552,9.58082,A
29.1113,10.155,A
30.6208,3.98024,C
31.2879,11.5149,A
30.0615,11.7068,A
34.4366,11.3845,B
25.1803,8.07721,A
25.8803,6.70644,D
27.5649,9.82964,A
26.0093,4.91035,D
23.7349,4.11553,D
30.462,5.21015,C
28.5425,10.339,A
29.3687,4.82785,C
28.9938,11.3656,A
29.1667,10.6821,A
25.3644,7.69489,A
29.6115,11.0417,A
32.2498,10.0492,B
27.6531,10.2548,A
29.3626,11.0985,A
25.36,8.65143,A
30.2537,8.67038,B
31.1553,10.2407,B
30.1343,11.7457,A
27.5827,9.07499,A
26.252,4.87883,D
29.8822,5.33966,C
26.8024,9.12416,A
25.6463,4.18235,D
26.4828,9.33219,A
31.573,11.7657,A
27.4177,9.57203,A
25.5828,4.30519,D
26.2766,8.91118,A
31.6189,9.65616,B
33.3626,11.1285,B
29.1819,5.79917,C
31.5125,10.1248,B
25.6615,8.62145,A
30.5708,3.94648,C
25.7702,8.48905,A
26.2236,3.40052,D
26.1887,5.56068,D
26.4717,8.88931,A
29.9883,11.9891,A
32.5334,11.6333,B
29.9161,11.2435,A
23.6397,7.85082,A
27.4471,9.77683,A
27.8464,9.9927,A
28.7105,7.19457,C
26.5748,8.57995,A
26.4596,4.41287,D
28.5944,10.2119,A
31.48,9.2272,B
29.7251,11.2666,A
26.8585,9.72671,A
30.8641,10.2433,B
31.7627,8.77326,B
26.9278,9.34422,A
28.9665,10.4464,A
29.4376,8.29286,B
32.7343,9.03164,B
26.0831,5.13239,D
30.1791,11.3056,A
30.0367,10.9723,A
26.4971,9.37588,A
27.2111,9.98159,A
27.9136,9.69912,A
28.9132,10.996,A
28.6018,10.1907,A
30.016,10.9825,A
26.7477,9.36747,A
27.0037,9.28807,A
26.3147,9.34647,A
26.5273,4.86608,D
35.2603,10.6731,B
26.2903,8.64241,A
29.7432,8.22345,B
26.4524,9.1695,A
30.3329,4.71651,C
26.5241,8.82181,A
29.2904,10.8917,A
27.9288,9.80641,A
28.7916,8.12854,B
30.5905,11.3074,A
26.7563,8.7948,A
26.9302,9.51277,A
26.201,5.02658,D
33.771,11.078,B
25.9887,4.44023,D
28.3041,9.39243,A
26.5485,4.83124,D
30.1256,11.3512,A
27.7692,9.12789,A
32.6008,11.0549,B
33.4022,11.828,B
28.767,6.60045,C
25.6519,4.28269,D
27.2828,8.9004,A
26.066,5.816,D
33.1585,9.16597,B
31.7924,10.5714,B
31.7008,9.79552,B
25.8838,4.03148,D
29.4033,6.05067,C
26.632,8.63497,A
28.5788,9.41625,A
27.2825,10.0534,A
31.3071,10.3606,B
24.8229,5.87255,D
28.9551,10.2379,A
29.4103,11.1639,A
31.9735,10.5823,B
29.8866,5.51385,C
24.4588,4.65156,D
26.4023,8.53732,A
27.93,9.8989,A
32.638,11.9456,B
32.089,11.4437,B
29.454,10.6514,A
31.4541,11.1868,B
29.8873,11.1071,A
34.6375,11.3073,B
26.2303,8.42087,A
27.001,9.44178,A
28.9959,6.30086,C
32.7443,10.8671,B
30.4448,5.02103,C
27.2664,9.06559,A
33.1936,10.2327,B
29.5066,5.99565,C
30.5482,8.9517,B
29.8972,3.5643,C
25.9834,8.70971,A
29.4605,5.42683,C
28.3878,10.7088,A
32.3041,8.40762,B
27.5743,9.96048,A
29.983,11.6613,A
29.0719,10.6601,A
31.173,12.39,A
31.238,3.69259,C
30.5871,11.8857,A
33.1477,11.0685,B
28.0826,6.2789,C
28.8353,10.2492,A
30.335,12.1796,A
28.638,11.1696,A
26.9512,9.28147,A
27.7601,10.7172,A
30.6972,4.33437,C
29.7312,11.3831,A
29.0452,5.07242,C
27.054,9.716,A
29.8056,11.638,A
25.5228,4.88852,D
29.8654,8.73604,B
28.9555,10.2978,A
33.8072,11.5292,B
25.685,8.60287,A
31.6392,9.82004,B
29.8422,10.5595,B
32.5855,11.5446,B
28.3529,10.4638,A
25.891,3.61868,D
29.7979,10.8489,A
29.0753,10.3087,A
25.1621,5.24836,D
28.2144,10.2165,A
29.8079,11.0722,A
25.5792,5.32735,D
27.4068,9.49312,A
29.4388,10.7456,A
27.1982,9.99891,A
24.6129,5.01882,D
26.5394,8.61384,A
26.725,9.74203,A
31.2586,9.39974,B
32.059,9.54854,B
29.3651,10.9544,A
29.8072,11.4719,A
28.2813,10.2391,A
28.5041,10.0472,A
26.0352,8.74629,A
26.6059,8.33711,A
26.4324,9.09722,A
27.8029,10.0279,A
27.9376,10.4877,A
26.4162,4.52271,D
29.3013,10.2915,A
31.3298,10.0653,B
27.9533,9.88082,A
35.8472,12.0867,B
29.3212,6.11763,C
28.4715,10.2519,A
31.8711,9.47191,B
27.6202,9.67872,A
32.4184,8.73687,B
26.4197,5.03321,D
28.5644,6.26972,C
33.1344,10.1143,B
31.2755,4.5727,C
32.6456,10.3248,B
30.036,10.8047,A
27.0716,8.85857,A
27.9509,9.88272,A
29.3748,11.352,A
30.4654,4.30754,C
29.7409,5.95849,C
27.3215,9.42162,A
27.0256,10.3496,A
30.4614,9.45291,B
34.0114,10.7404,B
25.4716,4.23695,D
33.0684,10.2394,B
28.0831,9.78707,A
29.2897,10.4324,A
26.4893,8.97469,A
34.2254,9.95995,B
27.9735,10.258,A
29.271,10.6752,A
28.9879,10.8283,A
23.9222,7.5358,A
32.3024,9.61769,B
31.2731,10.2723,B
33.5226,11.1754,B
31.8464,10.1248,B
26.7581,9.00383,A
28.1555,10.1559,A
25.5234,9.02236,A
31.4136,12.1506,A
31.5879,9.51582,B
25.7268,4.78105,D
28.3984,6.11964,C
33.983,11.778,B
25.8433,8.60592,A
28.0414,9.38857,A
27.747,9.94281,A
27.1788,9.47846,A
27.7585,10.0943,A
28.2043,7.61142,B
27.6392,9.76407,A
26.0809,4.11361,D
30.1224,11.8845,A
35.1253,11.314,B
28.8123,9.52554,A
26.6831,9.07872,A
33.1125,9.28571,B
34.016,10.2796,B
30.1095,8.19129,B
30.428,4.10926,C
30.0498,4.89638,C
25.8007,4.64719,D
25.3057,7.98251,A
26.0035,8.01227,A
29.5336,4.90703,C
25.8695,5.43851,D
31.5481,3.19339,C
30.5119,4.41776,C
27.4411,9.25903,A
30.945,9.67953,B
31.275,11.6851,A
29.2244,11.2105,A
30.6084,10.0454,B
31.9288,9.64652,B
31.7834,9.91168,B
26.2189,5.1366,D
31.1984,12.226,A
24.1863,6.90464,A
29.5264,10.3652,A
27.2029,10.2398,A
27.3957,9.53937,A
29.3139,10.8858,A
28.5374,9.66688,A
24.9402,7.40375,A
26.6163,4.69489,D
31.2754,11.8186,A
30.1898,5.50624,C
28.1499,5.72015,C
30.0576,10.4769,A
29.7327,10.884,A
28.4308,10.7219,A
30.4879,8.00269,B
29.057,10.8639,A
27.3269,9.3561,A
30.2674,5.38788,C
33.3438,11.6012,B
28.5438,9.81365,A
28.891,11.1261,A
31.8472,12.5931,A
26.8111,9.11027,A
31.0199,12.6347,A
28.6839,6.63819,C
30.7089,4.67215,C
28.5927,10.4128,A
28.9289,10.5971,A
33.1877,10.0919,B
24.3479,5.89264,D
27.0969,10.2202,A
32.015,10.6341,B
30.4693,4.64686,C
25.6241,9.08767,A
27.5491,9.78272,A
28.7482,9.97716,A
26.275,8.39165,A
27.6991,9.5114,A
27.4287,3.79667,D
31.2023,11.7435,A
26.4104,4.14013,D
24.3453,3.86721,D
24.817,4.46996,D
31.308,12.377,A
31.4889,9.55712,B
31.5812,12.5085,A
32.6281,8.52871,B
30.6385,4.29239,C
26.4095,6.11709,D
28.1884,10.5968,A
33.7979,10.1903,B
26.4828,8.98543,A
28.3176,10.6187,A
27.6976,10.178,A
26.9272,9.02108,A
25.4376,8.12619,A
29.5389,5.02612,C
28.1513,9.77832,A
26.5525,5.08229,D
26.0602,9.18377,A
26.8045,9.21515,A
30.2138,11.567,A
28.7872,9.95278,A
28.5357,10.3897,A
26.4614,9.09586,A
31.6973,12.8016,A
27.9301,10.5317,A
30.923,11.9895,A
27.8647,9.88668,A
26.832,9.4125,A
26.1473,5.01965,D
31.843,11.069,B
28.0533,9.92094,A
32.4715,9.94297,B
30.0614,11.6421,A
28.1098,10.5646,A
29.9744,8.61871,B
32.9289,10.4411,B
25.6037,4.72854,D
33.1667,10.4072,B
30.3992,9.61856,B
28.8327,6.05491,C
30.915,11.5568,A
30.25,3.72701,C
26.5105,4.11017,D
30.5194,4.80472,C
26.0771,8.79618,A
32.5438,9.09922,B
27.3847,4.1531,D
30.5168,4.97575,C
30.8005,11.1876,B
30.9179,11.8425,A
26.341,6.79723,D
32.4763,10.2556,B
28.3189,10.2065,A
25.5145,8.76287,A
31.1982,10.7316,B
29.276,10.2864,A
28.9688,10.0383,A
28.0174,9.97328,A
29.5711,11.3202,A
29.2256,10.1398,A
25.3415,7.70395,A
26.3391,8.52038,A
31.5667,8.36001,B
26.6231,5.96123,D
26.3451,5.01981,D
32.8565,10.1715,B
27.7008,9.77881,A
31.7692,8.32503,B
33.1239,9.79102,B
29.0769,10.2088,A
29.167,6.28938,C
27.6271,9.6112,A
33.8941,10.2822,B
29.4209,5.08995,C
30.3367,5.62668,C
31.2794,12.2469,A
29.9333,11.7057,A
27.7225,10.0145,A
30.2109,5.20738,C
24.7568,7.66406,A
26.0127,9.63073,A
29.4403,5.71038,C
24.9173,4.54143,D
31.2684,4.81092,C
30.8432,9.31156,B
26.5224,8.96108,A
31.6557,9.0777,B
27.684,10.2441,A
28.8351,9.37802,A
25.9368,9.06043,A
31.9222,10.0526,B
30.7596,4.16713,C
34.0928,11.4068,B
24.612,7.5742,A
30.4023,8.29903,B
29.36,9.49991,B
28.7684,10.655,A
29.494,10.8691,A
24.5903,8.07363,A
25.9957,9.17112,A
25.1168,7.99925,A
26.2906,3.73182,D
27.5511,9.33201,A
27.9789,9.74991,A
27.8434,8.92265,B
27.8861,10.3631,A
26.4734,8.47503,A
26.4881,5.96766,D
30.3198,9.87979,B
26.2299,5.61423,D
31.6006,2.75007,C
30.3458,3.87484,C
25.9858,5.65092,D
31.5418,12.1497,A
31.6531,10.8685,B
29.4691,5.39127,C
25.8737,5.47779,D
27.588,5.39645,D
28.896,10.9323,A
30.6639,10.2273,B
29.5068,5.32507,C
29.1477,10.9798,A
27.5803,10.0157,A
28.7443,10.7159,A
34.2138,11.3626,B
33.6743,10.8259,B
26.6348,4.48326,D
33.7327,10.3259,B
26.3412,8.69875,A
27.2267,9.59923,A
32.5788,8.20762,B
31.1545,9.08375,B
29.4742,11.2657,A
31.5127,9.77594,B
29.609,11.2145,A
26.1189,8.30741,A
24.9529,7.99569,A
26.4872,8.89578,A
28.6367,10.8356,A
30.9547,9.48992,B
32.9551,9.64039,B
33.093,11.7843,B
29.4368,8.77223,B
31.9748,9.46418,B
31.93,9.84537,B
25.9161,6.25121,D
29.1891,10.2095,A
27.7553,10.0272,A
26.8139,5.49476,D
30.3277,11.8367,A
26.712,5.58744,D
26.7834,8.84498,A
30.6729,11.2098,A
28.5634,10.9267,A
27.308,9.57128,A
25.7724,5.55411,D
30.7667,12.2279,A
28.7069,10.5334,A
25.5962,4.08677,D
28.6168,10.5432,A
32.0605,9.01486,B
35.5812,12.1472,B
31.8858,9.51705,B
34.0367,10.2386,B
24.5675,4.75906,D
28.059,9.81625,A
27.7506,4.00538,D
32.0833,9.95265,B
26.5626,8.66613,A
33.5617,10.7768,B
32.7852,10.4033,B
32.1166,3.10489,C
26.249,9.12779,A
27.0961,9.68361,A
31.2267,9.84107,B
28.9526,10.0963,A
28.2726,9.95065,A
33.8618,10.0609,B
31.001,9.70717,B
32.2125,7.87371,B
30.0456,8.43722,B
29.0387,10.3382,A
31.5501,10.3009,B
30.5693,3.72538,C
26.9436,8.89429,A
29.5056,6.03338,C
30.0494,10.9549,A
34.0715,10.552,B
25.404,7.84694,A
30.2345,11.6691,A
24.2665,4.4059,D
31.533,9.27589,B
32.0831,9.46344,B
29.4022,11.4387,A
29.0087,5.42024,C
27.1553,9.75377,A
28.5864,9.89371,A
28.015,10.2995,A
28.855,11.3088,A
35.173,12.2646,B
28.6979,9.89202,A
29.2388,11.1973,A
33.1113,9.31799,B
31.7601,11.7707,B
25.8384,5.88131,D
31.6736,10.1172,B
24.8571,8.39692,A
27.0114,9.04204,A
27.2393,9.40475,A
29.4813,10.2838,A
30.2846,4.79384,C
32.8787,10.2377,B
27.6736,9.91608,A
29.8781,4.1709,C
26.4578,4.74247,D
31.1577,8.41037,B
28.6361,10.5997,A
31.4738,9.50748,B
29.4729,10.6086,A
29.141,5.03663,C
27.4107,9.4649,A
30.9166,3.5997,C
27.5861,3.9489,D
28.2804,10.4198,A
28.3647,9.60526,A
27.1073,4.52738,D
28.9402,7.18573,B
32.0432,12.9446,A
29.0389,10.8953,A
26.6243,4.75209,D
30.0602,10.0103,B
25.2074,8.45275,A
29.9775,4.27384,C
28.8062,10.0287,A
30.5209,8.69982,B
29.1706,9.88472,A
29.2173,9.88212,A
31.3012,3.42849,C
25.895,5.45549,D
26.6551,3.46627,D
31.2507,4.30232,C
31.0504,10.5329,B
27.6587,9.77822,A
29.0928,6.61749,C
26.2392,5.89714,D
28.1955,9.48067,A
29.0023,10.9514,A
32.8287,11.2784,B
26.9689,8.96962,A
25.6079,3.90478,D
29.021,6.53636,C
30.9129,4.81829,C
27.6189,9.67973,A
31.4877,4.30486,C
31.9484,2.7987,C
29.1381,10.464,A
29.9639,3.55741,C
28.9288,10.199,A
30.4578,5.3831,C
31.7733,2.87629,C
34.3801,11.5407,B
25.1854,3.65374,D
29.9341,6.03063,C
29.3644,7.42705,B
28.3875,10.5551,A
27.4889,9.57891,A
28.6054,10.4409,A
26.638,4.6343,D
32.8351,7.89032,B
25.2094,4.34615,D
28.2874,9.63798,A
31.0037,9.37225,B
29.7165,10.7931,A
25.2196,8.48257,A
25.3928,5.85652,D
27.0759,9.84304,A
29.5539,10.9956,A
30.6891,4.24407,C
29.0944,10.9006,A
29.1344,10.533,A
28.649,10.5405,A
30.5394,8.33905,B
28.1768,10.2167,A
31.3731,12.4345,A
29.4967,4.52957,C
32.1819,10.7168,B
30.0467,9.23716,B
26.6324,5.54033,D
33.1657,11.4322,B
24.6714,5.85354,D
29.332,11.1045,A
26.5209,8.77282,A
24.741,3.87743,D
27.7427,4.04207,D
29.8002,10.524,A
26.5128,9.37897,A
23.7623,6.90201,A
28.1033,10.2455,A
32.1955,8.69784,B
26.5617,9.12136,A
26.6639,9.53962,A
27.0887,4.20254,D
28.4249,5.29043,C
32.1796,9.76946,B
28.5991,10.0241,A
34.1256,10.9767,B
33.5711,11.4172,B
30.4939,11.1142,A
25.32,8.17535,A
34.5467,11.5645,B
25.3032,5.30674,D
27.1743,8.7942,A
29.7411,4.15449,C
27.0998,2.99848,D
27.6133,9.77688,A
26.096,4.6544,D
24.2776,7.64375,A
32.6168,10.6102,B
30.6016,10.8021,B
29.7087,5.49465,C
32.5759,10.6548,B
27.9748,9.74159,A
26.4819,9.58581,A
29.9989,11.1962,A
27.4994,9.51803,A
25.0823,8.33357,A
26.5964,8.69841,A
27.7614,9.56338,A
30.0114,11.1937,A
25.5498,3.69845,D
31.8677,3.38066,C
31.0044,11.6818,A
29.1125,10.1406,A
30.2189,11.1947,A
26.7977,9.2849,A
26.7589,9.41613,A
24.2634,7.81193,A
31.796,8.64064,B
29.8484,11.1159,A
25.8126,8.92788,A
24.0702,7.83661,A
28.0821,10.123,A
29.1397,10.262,A
27.469,8.93691,A
29.3438,11.3091,A
29.7716,11.385,A
34.5743,10.9221,B
26.966,5.73387,D
30.1647,4.8814,C
27.2395,9.14497,A
25.078,3.81813,D
26.5552,4.22012,D
27.0009,9.41653,A
31.5762,3.77905,C
25.5745,4.69077,D
31.8898,11.28,B
28.6619,10.315,A
27.7488,9.58738,A
27.7924,10.1763,A
25.7963,4.82185,D
29.1863,10.9134,A
25.5524,4.68842,D
28.9432,10.2071,A
26.4761,8.45144,A
29.8582,4.29581,C
26.5528,9.48363,A
27.1627,9.33004,A
29.1168,8.31201,B
27.696,5.82871,D
26.2217,8.63219,A
25.2525,6.60444,D
35.275,10.6466,B
30.5978,4.56128,C
26.5586,9.8377,A
28.441,10.3041,A
25.189,4.90724,D
31.3079,10.1591,B
28.4681,10.8268,A
26.4726,8.63908,A
28.227,10.015,A
33.5158,9.02711,B
32.3529,10.6801,B
26.5281,3.91545,D
25.0587,5.09716,D
27.8877,9.96399,A
25.5587,5.89579,D
29.5234,10.1526,B
26.8199,4.0057,D
33.7986,10.3464,B
25.4368,8.3475,A
27.1577,8.90854,A
27.5501,9.94869,A
28.8691,10.6975,A
31.3958,9.3421,B
28.9012,6.09164,C
27.5547,9.46973,A
25.1746,7.70461,A
24.8466,6.73363,D
26.7183,6.05353,D
28.6281,9.58555,A
31.2703,3.95957,C
28.5853,10.2141,A
32.6302,10.2242,B
27.6194,8.9084,A
27.0848,9.02411,A
36.0432,12.6676,B
30.9436,8.57556,B
25.4674,4.83096,D
28.5287,10.2477,A
28.0166,9.6319,A
25.1244,6.12277,D
27.8585,9.75896,A
29.4665,5.352,C
33.332,11.1696,B
27.8035,10.0662,A
29.0433,6.04346,C
28.6231,10.3799,A
31.0009,9.65264,B
29.7456,5.57524,C
27.6079,9.81206,A
31.8102,10.4863,B
29.72,10.9941,A
28.2769,6.14471,C
29.4452,4.57937,C
30.5528,10.208,B
29.0337,10.6993,A
28.7661,10.9646,A
26.9547,9.32177,A
31.2284,9.16647,B
30.5743,11.5159,A
28.832,10.8489,A
31.1743,10.4265,B
28.8074,10.7911,A
32.8691,10.7129,B
30.5708,4.01846,C
30.3459,3.2059,C
32.2641,9.09809,B
29.6667,11.0662,A
27.5088,10.4877,A
26.6341,5.35673,D
30.6132,4.39621,C
30.4895,11.9122,A
